image,age
63.JPG,26
189.JPG,26
77.JPG,26
162.JPG,26
176.JPG,26
88.JPG,26
177.JPG,26
89.JPG,26
163.JPG,26
188.JPG,26
76.JPG,26
62.JPG,26
74.JPG,25
60.JPG,26
48.JPG,26
149.JPG,25
175.JPG,26
161.JPG,25
160.JPG,26
174.JPG,26
148.JPG,26
49.JPG,26
61.JPG,26
75.JPG,25
59.JPG,26
71.JPG,26
65.JPG,26
170.JPG,25
164.JPG,25
158.JPG,26
159.JPG,26
165.JPG,26
171.JPG,26
64.JPG,25
70.JPG,26
58.JPG,26
8.JPG,25
198.JPG,25
66.JPG,26
72.JPG,25
167.JPG,26
99.JPG,25
173.JPG,26
172.JPG,26
166.JPG,26
98.JPG,25
73.JPG,25
199.JPG,26
67.JPG,26
9.JPG,26
14.JPG,26
28.JPG,25
129.JPG,26
101.JPG,25
115.JPG,26
114.JPG,26
100.JPG,25
128.JPG,25
29.JPG,26
15.JPG,26
17.JPG,26
116.JPG,26
102.JPG,25
103.JPG,26
117.JPG,26
16.JPG,26
12.JPG,26
113.JPG,26
107.JPG,26
106.JPG,26
112.JPG,26
13.JPG,26
39.JPG,26
11.JPG,25
104.JPG,25
110.JPG,25
138.JPG,25
139.JPG,26
111.JPG,26
105.JPG,25
10.JPG,26
38.JPG,26
21.JPG,26
35.JPG,25
108.JPG,26
120.JPG,25
134.JPG,26
135.JPG,26
121.JPG,25
109.JPG,25
34.JPG,26
20.JPG,26
36.JPG,25
22.JPG,25
137.JPG,26
123.JPG,26
122.JPG,26
136.JPG,26
23.JPG,25
37.JPG,26
33.JPG,26
27.JPG,25
132.JPG,26
126.JPG,26
127.JPG,26
133.JPG,25
26.JPG,25
32.JPG,26
18.JPG,26
24.JPG,25
30.JPG,26
125.JPG,26
131.JPG,26
119.JPG,26
118.JPG,26
130.JPG,25
124.JPG,26
31.JPG,26
25.JPG,25
19.JPG,26
42.JPG,25
4.JPG,26
56.JPG,26
180.JPG,26
194.JPG,26
81.JPG,25
95.JPG,26
143.JPG,26
157.JPG,26
156.JPG,25
142.JPG,26
94.JPG,26
80.JPG,26
195.JPG,25
181.JPG,25
5.JPG,26
57.JPG,26
43.JPG,26
55.JPG,26
7.JPG,25
41.JPG,25
69.JPG,26
197.JPG,25
183.JPG,25
96.JPG,25
168.JPG,26
82.JPG,25
154.JPG,26
140.JPG,25
141.JPG,25
155.JPG,26
83.JPG,26
97.JPG,25
169.JPG,25
182.JPG,25
68.JPG,25
196.JPG,25
40.JPG,26
54.JPG,26
6.JPG,25
192.JPG,26
78.JPG,26
186.JPG,26
2.JPG,26
50.JPG,25
44.JPG,26
151.JPG,26
145.JPG,26
93.JPG,26
87.JPG,26
179.JPG,25
86.JPG,25
178.JPG,25
92.JPG,26
144.JPG,26
150.JPG,26
45.JPG,26
3.JPG,26
51.JPG,26
79.JPG,25
187.JPG,26
193.JPG,26
185.JPG,25
191.JPG,26
47.JPG,26
53.JPG,26
1.JPG,25
146.JPG,26
152.JPG,26
84.JPG,25
90.JPG,26
91.JPG,25
85.JPG,25
153.JPG,26
147.JPG,26
52.JPG,25
0.JPG,26
46.JPG,26
190.JPG,26
184.JPG,26
