image,class,ocr_text
generated.photos_v3_0075573_0131493_0001510.png,forgery_3,DOCUMENTO NACIONALDE IDENTIDAD Primer APELLIDO ENRIQUE ESPANA SEGUNDO APELLIDO RAUL NOMBRE ORTIZ SEXO NACIONALIDAD M ESP FECHA OE NACIMIENTO 91 26 11 2001 8 IDESP OJP749536 VALIDO HASTA 06 07 2025 ER o (eenii DNI NUM 00383835S  Mlini
generated.photos_v3_0075411.png,forgery_3,DOCUMENTO NACIONALDE IDENTIDAD Primer APELLIDO FERNANDO ESPANA SEGUNDO APELLIDO MANEL NOMBRE RODRIGUEZ SEXO NACIONALIDAD M ESP FECHA OE NACIMIENTO 91 17 08 1987 8 IDESP FLEO76104 VALIDO HASTA 29 10 2028 #MR: DNI NUM 09080302Q @Mini Askew
generated.photos_v3_0072572_0465277_0983383.png,forgery_4,DOCUMENTO NACIONALDE IDENTIDAD Primer APELLIDO CESAR ESPANA SEGUNDO APELLIDO RAQUEL NOMBRE DELGADO SEXO NACIONALIDAD F ESP FECHA DE NACIMIENTO 91 30 07 1996 8 IDESP JDF503442 VALIDO HASTA 07 11 2025 AR11 DNI NUM 91688033E    '@Mlin
generated.photos_v3_0072572_0465277_0286005.png,forgery_4,DOCUMENTO NACIONALDE IDENTIDAD Primer APELLIDO MONICA ESPANA SEGUNDO APELLIDO SARA NOMBRE NUNEZ SEXO NACIONALIDAD F ESP FECHA DE NACIMIENTO 91 06 01 1995 8 IDESP BVD214608 VALIDO HASTA 21 2025 4482824 jwanes DNI NUM: 10657151E   'VMen
generated.photos_v3_0075573_0131493_0354030.png,forgery_3,DOCUMENTO NACIONALDE IDENTIDAD Primer APELLIDO MARIO ESPANA SEGUNDO APELLIDO RAFAEL NOMBRE ROMERO SEXO NACIONALIDAD M ESP FECHA OE NACIMIENTO 91 04 09 1999 8 IDESP XMTO56016 VALIDO HASTA 02 06 2026 thRR Irmari DNI NUM: 608600581N WONUDNDN
generated.photos_v3_0071514.png,forgery_3,DOCUMENTO NACIONALDE IDENTIDAD Primer APELLIDO CARLOS ESPANA SEGUNDO APELLIDO JOSE ANTONIO NOMBRE MORENO SEXO NACIONALIDAD M ESP FECHA OE NACIMIENTO 91 23 05 1998 8 IDESP KKC446066 VALIDO HASTA 13 03 2025 GrJ Aco DNI NUM: 59584768C @Mini
generated.photos_v3_0071909.png,forgery_3,DOCUMENTO NACIONALDE IDENTIDAD Primer APELLIDO RAUL ESPANA SEGUNDO APELLIDO XAVIER NOMBRE TORRES SEXO NACIONALIDAD M ESP FECHA OE NACIMIENTO 91 29 11 2003 8 IDESP KKG408812 VALIDO HASTA 14 03 2025 Rox2izo Ataul DNI NUM 43579441R  @Mei
generated.photos_v3_0073462.png,forgery_3,DOCUMENTO NACIONALDE IDENTIDAD Primer APELLIDO SARA ESPANA SEGUNDO APELLIDO CAROLINA NOMBRE ORTIZ SEXO NACIONALIDAD F ESP FECHA OE NACIMIENTO 91 31 07 1997 8 IDESP ZBG170461 VALIDO HASTA 04 10 2026 604021 kesaia DNI NUM 32424400Y WOJNUDNDN
generated.photos_v3_0072572_0465277_0798746.png,forgery_4,"DOCUMENTO NACIONALDE IDENTIDAD Primer APELLIDO ANDREA ESPANA SEGUNDO APELLIDO LUCIA NOMBRE PEREZ SEXO NACIONALIDAD F ESP FECHA DE NACIMIENTO 91 14 07 1992 8 IDESP XVM130286 VALIDO HASTA 04 08 2027 (,12 6021 OIyevis DNI NUM: 46552783R   '@Nlini"
generated.photos_v3_0072572_0465277_0881342.png,forgery_4,DOCUMENTO NACIONALDE IDENTIDAD Primer APELLIDO DOE ESPANA SEGUNDO APELLIDO NURIA NOMBRE JOHN SEXO NACIONALIDAD F ESP FECHA DE NACIMIENTO 91 23 08 1997 8 IDESP EOT190587 VALIDO HASTA 12 05 2028 Aqxke3: Usanw DNI NUM 36007715A    !@Aeni
generated.photos_v3_0076533.png,forgery_3,DOCUMENTO NACIONALDE IDENTIDAD Primer APELLIDO SERGIO ESPANA SEGUNDO APELLIDO SARA NOMBRE TORRES SEXO NACIONALIDAD F ESP FECHA DE NACIMIENTO 91 19 09 1996 8 IDESP NCH602014 VALIDO HASTA 06 12 2028 #IBR Ltnahi DNI NUM 92874370T   @Mini
generated.photos_v3_0072351.png,forgery_3,DOCUMENTO NACIONALDE IDENTIDAD Primer APELLIDO MARIA TERESA ESPANA SEGUNDO APELLIDO MERCEDES NOMBRE TORRES SEXO NACIONALIDAD F ESP FECHA OE NACIMIENTO 91 12 04 1992 8 IDESP CXB844887 VALIDO HASTA 07 05 2028 7hAV Aoz3 Itaqi DNI NUM: 64660360X '|ilini
generated.photos_v3_0076150.png,forgery_4,DOCUMENTO NACIONALDE IDENTIDAD Primer APELLIDO MARIA JOSE ESPANA SEGUNDO APELLIDO PATRICIA NOMBRE RIVAS SEXO NACIONALIDAD F ESP FECHA DE NACIMIENTO 91 04 10 1994 8 IDESP WIL777695 VALIDO HASTA 16 04 2026 AHPAA Maia DNI NUM 83994199E 4  @Mini
generated.photos_v3_0073835.png,forgery_3,DOCUMENTO NACIONALDE IDENTIDAD Primer APELLIDO ESTEBAN ESPANA SEGUNDO APELLIDO JOSE MARIA NOMBRE HERNANDEZ SEXO NACIONALIDAD M ESP FECHA OE NACIMIENTO 91 10 10 1966 8 IDESP CIK723079 VALIDO HASTA 04 02 2028 Eekl23 DNI NUM 75503517D @Mlini
generated.photos_v3_0075935.png,forgery_4,DOCUMENTO NACIONALDE IDENTIDAD Primer APELLIDO FRANCISCO JAVIER ESPANA SEGUNDO APELLIDO VICTOR NOMBRE GIL SEXO NACIONALIDAD M ESP FECHA OE NACIMIENTO 91 23 03 1996 8 IDESP UNJ814893 VALIDO HASTA 13 12 2029 FV6024 DNI NUM lgfian 70424200K eNlini
generated.photos_v3_0072572_0465277_0392561.png,forgery_4,DOCUMENTO NACIONALDE IDENTIDAD Primer APELLIDO ANA ESPANA SEGUNDO APELLIDO LUCIA NOMBRE MARTIN SEXO NACIONALIDAD F ESP FECHA DE NACIMIENTO 91 17 08 1992 8 IDESP YDB131795 VALIDO HASTA 29 04 2025 RlA21 DNI NUM 68493407W   ' Nni {ptaqu
generated.photos_v3_0072123.png,forgery_3,DOCUMENTO NACIONALDE IDENTIDAD Primer APELLIDO MARIAANGELES ESPANA SEGUNDO APELLIDO PATRICIA NOMBRE SUAREZ SEXO NACIONALIDAD F ESP FECHA OE NACIMIENTO 91 07 03 1987 8 IDESP MDO491817 VALIDO HASTA 03 04 2027 A/P2B2 smaCia DNI NUM 20963504T  Mlini
generated.photos_v3_0075573_0131493_0596363.png,forgery_3,DOCUMENTO NACIONALDE IDENTIDAD Primer APELLIDO MANUEL ESPANA SEGUNDO APELLIDO PEDRO NOMBRE DELGADO SEXO NACIONALIDAD M ESP FECHA OE NACIMIENTO 91 03 12 1997 8 IDESP JVQ277927 VALIDO HASTA 06 09 2025 d/Ppz Lna DNI NUM 549343820 @Mini
generated.photos_v3_0075573_0131493_0997184.png,forgery_3,DOCUMENTO NACIONALDE IDENTIDAD Primer APELLIDO FERNANDO ESPANA SEGUNDO APELLIDO VICENTE NOMBRE TORRES SEXO NACIONALIDAD M ESP FECHA OE NACIMIENTO 91 21 08 2003 8 IDESP TLO180399 VALIDO HASTA 01 08 2026 4443021 DNI NUM 77020412G @Meni
generated.photos_v3_0075936.png,forgery_3,DOCUMENTO NACIONALDE IDENTIDAD Primer APELLIDO NURIA ESPANA SEGUNDO APELLIDO MARIA DOLORES NOMBRE HERRERA SEXO NACIONALIDAD F ESP FECHA OE NACIMIENTO 91 16 12 1997 8 IDESP QSK768196 VALIDO HASTA 08 03 2027 Alds/ez Ihni DNI NUM: 066913261 WOJNUDNDN
generated.photos_v3_0071371.png,forgery_3,DOCUMENTO NACIONALDE IDENTIDAD Primer APELLIDO CRISTINA ESPANA SEGUNDO APELLIDO MERCEDES NOMBRE MONTERO SEXO NACIONALIDAD F ESP FECHA OE NACIMIENTO 91 02 04 2001 8 IDESP SGV443063 VALIDO HASTA 29 07 2025 rgdv/Az} Inchis DNI NUM: 180152220 WONUDNDN
generated.photos_v3_0075852.png,forgery_3,DOCUMENTO NACIONALDE IDENTIDAD Primer APELLIDO JUAN ESPANA SEGUNDO APELLIDO ANGEL NOMBRE RODRIGUEZ SEXO NACIONALIDAD M ESP FECHA OE NACIMIENTO 91 30 08 1990 8 IDESP KTB132588 VALIDO HASTA 12 12 2026 #AF21 DNI NUM: Gjwawv 560995250 WONUDNFDN
generated.photos_v3_0075503.png,forgery_3,DOCUMENTO NACIONALDE IDENTIDAD Primer APELLIDO SANDRA ESPANA SEGUNDO APELLIDO ROSARIO NOMBRE ORTIZ SEXO NACIONALIDAD F ESP FECHA OE NACIMIENTO 91 04 02 2001 8 IDESP LWY647873 VALIDO HASTA 29 06 2029 GR1024 AoSand DNI NUM: 44988513T  Mlini
generated.photos_v3_0074191.png,forgery_3,DOCUMENTO NACIONALDE IDENTIDAD Primer APELLIDO NOEMI ESPANA SEGUNDO APELLIDO RAQUEL NOMBRE RODRIGUEZ SEXO NACIONALIDAD F ESP FECHA OE NACIMIENTO 91 05 06 1990 8 IDESP ZEQ025277 VALIDO HASTA 30 12 2029 NR44 Zinoe DNI NUM: 95407512T WONUDNIDN
generated.photos_v3_0073013.png,forgery_4,DOCUMENTO NACIONALDE IDENTIDAD Primer APELLIDO MARIA VICTORIA ESPANA SEGUNDO APELLIDO SILVIA NOMBRE JIMENEZ SEXO NACIONALIDAD F ESP FECHA DE NACIMIENTO 91 16 09 2001 8 IDESP KTS923986 VALIDO HASTA 15 12 2025 N821 DNI NUM Lprari 25607168T    DIl@n
generated.photos_v3_0076545.png,forgery_4,DOCUMENTO NACIONALDE IDENTIDAD Primer APELLIDO CULLEN ESPANA SEGUNDO APELLIDO ALICIA NOMBRE EDWARD SEXO NACIONALIDAD F ESP FECHA DE NACIMIENTO 91 21 12 1986 8 IDESP SEU382704 VALIDO HASTA 27 08 2027 25414024 Gegema DNI NUM 66268841A   MlNi
generated.photos_v3_0074408.png,forgery_3,DOCUMENTO NACIONALDE IDENTIDAD Primer APELLIDO ALICIA ESPANA SEGUNDO APELLIDO NURIA NOMBRE MARTINEZ SEXO NACIONALIDAD F ESP FECHA OE NACIMIENTO 91 06 11 1992 8 IDESP FPY587143 VALIDO HASTA 25 08 2025 AqtAp malici DNI NUM 67964641R  Mlii
generated.photos_v3_0076785.png,forgery_4,DOCUMENTO NACIONALDE IDENTIDAD Primer APELLIDO DOE ESPANA SEGUNDO APELLIDO ROCIO NOMBRE JANE SEXO NACIONALIDAD F ESP FECHA DE NACIMIENTO 91 26 01 2000 8 IDESP DLA912112 VALIDO HASTA 19 01 2028 #/R62} btanid DNI NUM 97008720Y    @alini
generated.photos_v3_0072130.png,forgery_3,DOCUMENTO NACIONALDE IDENTIDAD Primer APELLIDO PATRICIA ESPANA SEGUNDO APELLIDO MARIA DOLORES NOMBRE MORALES SEXO NACIONALIDAD F ESP FECHA OE NACIMIENTO 91 20 12 2005 8 IDESP SFN892501 VALIDO HASTA 04 10 2026 PMA- Lmpatu DNI NUM 729578281 WONUDNIDN
generated.photos_v3_0076574.png,forgery_4,DOCUMENTO NACIONALDE IDENTIDAD Primer APELLIDO MANEL ESPANA SEGUNDO APELLIDO INES NOMBRE ALONSO SEXO NACIONALIDAD F ESP FECHA DE NACIMIENTO 91 20 08 1987 8 IDESP KVD216122 VALIDO HASTA 03 09 2025 AiPo24 DNI NUM: 92774157T   'Mleni pana
generated.photos_v3_0075573_0131493_0131040.png,forgery_3,DOCUMENTO NACIONALDE IDENTIDAD Primer APELLIDO MIGUEL ESPANA SEGUNDO APELLIDO ANGEL NOMBRE MOLINA SEXO NACIONALIDAD M ESP FECHA OE NACIMIENTO 91 22 02 2000 8 IDESP HGG180409 VALIDO HASTA 07 03 2029 AhArAz Lmigv DNI NUM 95873796R WONUDMDN
generated.photos_v3_0072705.png,forgery_3,DOCUMENTO NACIONALDE IDENTIDAD Primer APELLIDO ESTHER ESPANA SEGUNDO APELLIDO LIDIA NOMBRE CARRILLO SEXO NACIONALIDAD F ESP FECHA OE NACIMIENTO 91 24 04 1999 8 IDESP IUM742273 VALIDO HASTA 31 08 2029 {5d8bb23 Qcete DNI NUM 48291719L   '|Meni
generated.photos_v3_0076134_0766168_0216505.png,forgery_4,DOCUMENTO NACIONALDE IDENTIDAD Primer APELLIDO CULLEN ESPANA SEGUNDO APELLIDO SERGIO NOMBRE EDWARD SEXO NACIONALIDAD M ESP FECHA DE NACIMIENTO 91 07 10 1997 8 IDESP DQO256599 VALIDO HASTA 15 05 2025 (44022 cccul DNI NUM: 405804320 4  @Mini
generated.photos_v3_0074826.png,forgery_3,DOCUMENTO NACIONALDE IDENTIDAD Primer APELLIDO MARIA CARMEN ESPANA SEGUNDO APELLIDO VICTORIA NOMBRE ROJAS SEXO NACIONALIDAD F ESP FECHA OE NACIMIENTO 91 09 01 2006 8 IDESP TKV378962 VALIDO HASTA 23 06 2026 #b/?1 lcmari DNI NUM: 14767799C @Men
generated.photos_v3_0075573_0131493_0780601.png,forgery_3,DOCUMENTO NACIONALDE IDENTIDAD Primer APELLIDO SERGIO ESPANA SEGUNDO APELLIDO RUBEN NOMBRE RAMIREZ SEXO NACIONALIDAD M ESP FECHA OE NACIMIENTO 91 27 09 1998 8 IDESP MRH141994 VALIDO HASTA 05 12 2027 SRI2 DNI 19299233S   hse DN
generated.photos_v3_0071948.png,forgery_3,DOCUMENTO NACIONALDE IDENTIDAD Primer APELLIDO MARTA ESPANA SEGUNDO APELLIDO MARIA TERESA NOMBRE MORALES SEXO NACIONALIDAD F ESP FECHA OE NACIMIENTO 91 10 01 1996 8 IDESP VNF290776 VALIDO HASTA 30 09 2027 AAVAdA lnaAt DNI NUM 754175981 4 '|Mlini
generated.photos_v3_0075454.png,forgery_3,DOCUMENTO NACIONALDE IDENTIDAD Primer APELLIDO JUAN ESPANA SEGUNDO APELLIDO LUIS NOMBRE VARGAS SEXO NACIONALIDAD M ESP FECHA OE NACIMIENTO 91 26 02 1991 8 IDESP KHT847474 VALIDO HASTA 11 03 2027 Ub:voz2 DNI NUM: 53447245T WOWNUDNDN
generated.photos_v3_0071325.png,forgery_3,DOCUMENTO NACIONALDE IDENTIDAD Primer APELLIDO LAURA ESPANA SEGUNDO APELLIDO MARIA CARMEN NOMBRE GUTIERREZ SEXO NACIONALIDAD F ESP FECHA OE NACIMIENTO 91 05 01 1995 8 IDESP XLG534138 VALIDO HASTA 14 02 2027 L4Alogz DNI NUM Iaur 28626906N GMin
generated.photos_v3_0071494.png,forgery_3,DOCUMENTO NACIONALDE IDENTIDAD Primer APELLIDO IRENE ESPANA SEGUNDO APELLIDO ELENA NOMBRE CALDERON SEXO NACIONALIDAD F ESP FECHA OE NACIMIENTO 91 13 11 1988 8 IDESP EJU316519 VALIDO HASTA 11 12 2026 IE{o21 Cirene DNI NUM 70249689A '|iliii
generated.photos_v3_0076134_0766168_0496271.png,forgery_4,DOCUMENTO NACIONALDE IDENTIDAD Primer APELLIDO ALVARO ESPANA SEGUNDO APELLIDO ESTEBAN NOMBRE DIAZ SEXO NACIONALIDAD M ESP FECHA DE NACIMIENTO 91 27 01 1994 8 IDESP YJV335369 VALIDO HASTA 29 07 2026 AE &1 lsalbe DNI NUM 361207651   ! Mlni
generated.photos_v3_0075963.png,forgery_3,DOCUMENTO NACIONALDE IDENTIDAD Primer APELLIDO PATRICIA ESPANA SEGUNDO APELLIDO MARIA PILAR NOMBRE RAMIREZ SEXO NACIONALIDAD F ESP FECHA OE NACIMIENTO 91 14 07 2000 8 IDESP YFV545483 VALIDO HASTA 03 01 .2028 PWP?a Ispatv DNI NUM 74028638P   Mini
generated.photos_v3_0076105.png,forgery_4,DOCUMENTO NACIONALDE IDENTIDAD Primer APELLIDO JOSE ANTONIO ESPANA SEGUNDO APELLIDO XAVIER NOMBRE PACHECO SEXO NACIONALIDAD M ESP FECHA DE NACIMIENTO 91 14 07 1999 8 IDESP KWS600442 VALIDO HASTA 16 05 2026 0HXF2z LAV DNI NUM 63869479B WONUDNDNI
generated.photos_v3_0076134_0766168_0960582.png,forgery_3,DOCUMENTO NACIONALDE IDENTIDAD Primer APELLIDO ISABEL ESPANA SEGUNDO APELLIDO FRANCISCO NOMBRE ORDONEZ SEXO NACIONALIDAD M ESP FECHA DE NACIMIENTO 91 14 071990 8 IDESP GJM140931 VALIDO HASTA 11 05 2025 A#Fo21 KAA DNI NUM 927637600   'Meni
generated.photos_v3_0076134_0766168_0075487.png,forgery_4,DOCUMENTO NACIONALDE IDENTIDAD Primer APELLIDO GRANGER ESPANA SEGUNDO APELLIDO MARIO NOMBRE HERMIONE SEXO NACIONALIDAD M ESP FECHA DE NACIMIENTO 91 14 10 1997 8 IDESP KNH918302 VALIDO HASTA 03 09 2027 #IpBzz Lsezte DNI NUM 20539102Z WENUDNDN
generated.photos_v3_0071535.png,forgery_3,DOCUMENTO NACIONALDE IDENTIDAD Primer APELLIDO MARTA ESPANA SEGUNDO APELLIDO ROCIO NOMBRE PASCUAL SEXO NACIONALIDAD F ESP FECHA OE NACIMIENTO 91 24 04 1991 8 IDESP BDK145560 VALIDO HASTA 27 08 2025 #hRPo (maqt DNI NUM 70286291H '@ain
generated.photos_v3_0072616.png,forgery_4,DOCUMENTO NACIONALDE IDENTIDAD Primer APELLIDO VANESA ESPANA SEGUNDO APELLIDO ADRIAN NOMBRE ALONSO SEXO NACIONALIDAD M ESP FECHA DE NACIMIENTO 91 30 01 1992 8 IDESP DSB525528 VALIDO HASTA 22 05 2026 0A6C21 DNI NUM 54820270E   AliN (lanc
generated.photos_v3_0075573_0131493_0856748.png,forgery_3,DOCUMENTO NACIONALDE IDENTIDAD Primer APELLIDO XAVIER ESPANA SEGUNDO APELLIDO JOSE CARLOS NOMBRE MARTINEZ SEXO NACIONALIDAD M ESP FECHA OE NACIMIENTO 91 31 10 2001 8 IDESP CIE570509 VALIDO HASTA 20 11 2027 Xdhapz Lxawi DNI NUM 35657051H  Mlii
generated.photos_v3_0072774.png,forgery_4,DOCUMENTO NACIONALDE IDENTIDAD Primer APELLIDO DOE ESPANA SEGUNDO APELLIDO MARTA NOMBRE JOHN SEXO NACIONALIDAD F ESP FECHA DE NACIMIENTO 91 30 09 1989 8 IDESP IY2887633 VALIDO HASTA 26 03 2029 4NBFo22 Jpisak DNI NUM 51718238F   '@Mlni
generated.photos_v3_0074463.png,forgery_3,DOCUMENTO NACIONALDE IDENTIDAD Primer APELLIDO MANEL ESPANA SEGUNDO APELLIDO MIGUEL NOMBRE VICENTE SEXO NACIONALIDAD M ESP FECHA OE NACIMIENTO 91 22 06 1997 8 IDESP GUG702566 VALIDO HASTA 12 11 2029 IA4 Tvtane DNI NUM: 422533630 @Men
generated.photos_v3_0073046.png,forgery_4,DOCUMENTO NACIONALDE IDENTIDAD Primer APELLIDO MARIA CARMEN ESPANA SEGUNDO APELLIDO ELENA NOMBRE CALDERON SEXO NACIONALIDAD F ESP FECHA DE NACIMIENTO 91 22 11 1998 8 IDESP HXF991843 VALIDO HASTA 19 08 2029 BEe23 cbeetv DNI NUM 56135930B    @Mini
generated.photos_v3_0081593.png,forgery_4,EESTI VABARIIK ISIKUTUNNISTUS REPUBLIC OF ESTONIA IDENTITY CARD PERERONNANIAI / SURNANF PRIIDIK [ENINLD Givin NaMes SEIN SE MM EST L KODAROND L CINhi EST SLINNMNEG/ Date Of Aiatn 30.05.1999 A5IKUKOOD / PERSONAL CODE IKCT 96642932387 DOKUHENDINUNBEK DocumtniNuhali JT3585713 Tpri JT3585713 KEHTIY R UNMDATE OL EAPUPY 03.01.2033 KASUtAiA ALlki KOLDER'5 SIGNATUKE JUCU
generated.photos_v3_0078446.png,forgery_3,EESTI VABARIIK ISIKUTUNNISTUS REPUBLIC OF ESTONIA IDENTITY CARD PERERONNANII GURNANE MAARJA [ENINLD Given NAMes PIHLAK JDQU NIF ES 1 KODAROND L CINhi EST SLINNMNEG/ Date Of Aiatn 22.03.1988 ASKUKOOD PERSONAL CODE IKCT 43112296021 DOKUHENDINUNBEK DocumtniNuhali WJ3537415 ILliis WJ3537415 KEHTIY R UNMDATE OL EAPUPY 16.11.2034 KASUtAiA ALlki KOLDIR'5 SIGNATURE
generated.photos_v3_0082138.png,forgery_4,EESTI VABARIIK ISIKUTUNNISTUS REPUBLIC OF ESTONIA IDENTITY CARD PERERONNANN GURNANE DOE [ENINLD Givin NaMes JOHN JDQU NIF ES 1 KODAROND L CINhi EST SLINNMNEG/ Date Of Aiatn 17.07.1983 A5IKUKOOD / PERSONAL CODE IKCT 10043886432 DOKUHENDINUNBEK DocumtniNuhali LT0302474 LT0302474 KEHTIY R UNMDATE OL EAPUPY 20.06.2032 KASUtAiA ALlki KOLDAR' SIGNATURE Xlis
generated.photos_v3_0082266.png,forgery_4,EESTI VABARIIK ISIKUTUNNISTUS REPUBLIC OF ESTONIA IDENTITY CARD PERERONNANIAI / SURNANF HELJE [ENINLD Givin NaMes TOOM JDQU NIF EST 1 KODAROND L CINhi EST SLINNMNEG/ Date Of Aiatn 09.12.1993 A5IKUKOOD / PERSONAL CODE IKCT 47014665979 DOKUHENDINUNBEK DocumtniNuhali RAO201428 Eplis RAO2O1428 FeT RUNMDATE OLEAPURY 29.03.2030 KASUtAiA ALlki KOLDER'5 SIGNATUKE
generated.photos_v3_0081354.png,forgery_3,EESTI VABARIIK ISIKUTUNNISTUS REPUBLIC OF ESTONIA IDENTITY CARD PERERONNANII GURNANE MARIKA CENINLD Given NAMes KUKK JDQU NIF EST ] KODAROND L CINhi EST SLINNMNEG/ Date Of Aiatn 15.12.1983 A5IKUKOOD / PERSONAL CODE IKCT 98882886618 DOKUHENDINUNBEK DocumtniNuhali ES3839263 Turi ES3839263 KEHTIY R UNMDATE OL EAPUPY 27.09.2030 KASUtAiA ALlki KOLDIR SIGNATURE
generated.photos_v3_0079389_0652990_0192846.png,forgery_4,EESTI VABARIIK ISIKUTUNNISTUS REPUBLIC OF ESTONIA IDENTITY CARD PERERONNANIAI / SURNANF BOND [ENINLD Given NAMes JAMES JDQU NIF EST 1 KODAROND L CINhi EST SLINNMNEG/ Date Of Aiatn 06.07.1997 A5IKUKOOD / PERSONAL CODE IKCT 20015161485 DOKUHENDINUNBEK DocumtniNuhali SL7838230 tannee SL7838230 KEHTIY R UNMDATE OL EAPUPY 18.12.2034 KASUtAiA ALlki KOLDIR SIGNATURE
generated.photos_v3_0077011.png,forgery_3,EESTI VABARIIK ISIKUTUNNISTUS REPUBLIC OF ESTONIA IDENTITY CARD PERERONNANII GURNANE KASPAR CENINLD Nane; PIHLAK JUGU SE MM ES ] KODAROND L CINhi EST SLINNMNEG/ Date Of Aiatn 03.10.1991 ASKUKOOD PERSONAL CODE IKCT 27676659646 DOKUHENDINUNBEK DocumtniNuhali 1J6630284 Epbaxp 1J6630284 KehTiv KUNI DATE Oi Expiry 07.07.2030 KASUtAiA ALlki KOLDER'5 SIGNATUKE
generated.photos_v3_0080116.png,forgery_3,EESTI VABARIIK ISIKUTUNNISTUS REPUBLIC OF ESTONIA IDENTITY CARD PERERONNANN GURNANE KRISTO NIrcu Given NAMes SEPP JDQU MM EST 1 KODAROND L CINhi EST SLINNMNEG/ Date Of Aiatn 12.05.2004 ASKUKOOD PERSONAL CODE IKCT 65545833155 DOKUHENDINUNBEK DocumtniNuhali SA7941870 Lskuis SA7941870 KEHTIY R UNMDATE OL EAPUPY 31.07.2031 KASUtAiA ALlki KOLDER'5 SIGNATUKE
generated.photos_v3_0080674.png,forgery_3,EESTI VABARIIK ISIKUTUNNISTUS REPUBLIC OF ESTONIA IDENTITY CARD PERERONNANN GURNANE LIINA [ENINLD Given NAMes REBANE JDQU NIF EST L KODAROND L CINhi EST SLINNMNEG/ Date Of Aiatn 18.08.2001 KERSCNADCODE INGT 67859796170 DOKUHENDINUNBEK DocumtniNuhali MT2204087 cliina MT2204087 KEHTIY R UNMDATE OL EAPUPY 12.08.2034 KASUtAiA ALlki KOLDIR'5 SIGNATURE
generated.photos_v3_0079389_0652990_0410903.png,forgery_3,EESTI VABARIIK ISIKUTUNNISTUS REPUBLIC OF ESTONIA IDENTITY CARD PERERONNANN GURNANE REELIKA CENINLD Given NAMes JOGI SE NIF EST 1 KODAROND L CINhi EST SLINNMNEG/ Date Of Aiatn 23.09.1996 A5IKUKOOD / 71470163772 PERSONAL CODE IKCT DOKUHENDINUNBEK DocumtniNuhali U04576072 U04576072 KEHTIY R UNMDATE OL EAPUPY 27.04.2033 KASUtAiA ALlki KOLDER'5 SIGNATUKE JUCu jneeez
generated.photos_v3_0079158.png,forgery_4,EESTI VABARIIK ISIKUTUNNISTUS REPUBLIC OF ESTONIA IDENTITY CARD PERERONNANIAI / SURNANF EVE [ENINLD Givin NaMes LAUR JDQU MM ES ] KODAROND L CINhi EST SLINNMNEG/ Date Of Aiatn 08.08.2001 A5IKUKOOD / PERSONAL CODE IKCT 26228771755 DOKUHENDINUNBEK DocumtniNuhali TC6405968 Alevis TC6405968 KEHTIY R UNMDATE OL EAPUPY 04.01.2032 KASUtAiA ALlki KOLDER'5 SIGNATUKE
generated.photos_v3_0082658.png,forgery_4,EESTI VABARIIK ISIKUTUNNISTUS REPUBLIC OF ESTONIA IDENTITY CARD PERERONNANIAI / SURNANF GRETE [ENINLD Givin NaMes METS JDQU MM EST 1 KODAROND L CINhi EST SLINNMNEG/ Date Of Aiatn 03.02.1961 A5IKUKOOD / PERSONAL CODE IKCT 15067452267 DOKUHENDINUNBEK DocumtniNuhali DV0702869 Xyeis DV0702869 KEHTIY R UNMDATE OL EAPUPY 1208.2032 KASUtAiA ALlki KOLDER'5 SIGNATUKE
generated.photos_v3_0078533_0060902_0351293.png,forgery_4,EESTI VABARIIK ISIKUTUNNISTUS REPUBLIC OF ESTONIA IDENTITY CARD PERERONNANIAI / SURNANF DOE [ENINLD Givin NaMes JOHN JDQU NIF EST p KODAROND L CINhi EST SLINNMNEG/ Date Of Aiatn 21.06.1996 A5IKUKOOD / PERSONAL CODE IKCT 79097253583 DOKUHENDINUNBEK DocumtniNuhali FC2468637 FC2468637 KEHTIY R UNMDATE OL EAPUPY 27.06.2031 KASUtAiA ALlki KOLDIR SIGNATURE Uwr9
generated.photos_v3_0078455.png,forgery_4,EESTI VABARIIK ISIKUTUNNISTUS REPUBLIC OF ESTONIA IDENTITY CARD PERERONNANN GURNANE PRIIT CENINLD Givin NaMes METS JDQU MM ES 1 KODAROND L CINhi EST SLINNMNEG/ Date Of Aiatn 14.03.1978 ASKUKOOD PERSONAL CODE IKCT 56285648667 DOKUHENDINUNBEK DocumtniNuhali GH1938395 GH1938395 KEHTI RUNMDATE OLEAPURY 09.01.2031 KASUtAiA ALlki KOLDER'5 SIGNATUKE rrsd
generated.photos_v3_0079416.png,forgery_4,EESTI VABARIIK ISIKUTUNNISTUS REPUBLIC OF ESTONIA IDENTITY CARD PERERONNANII SURNANF MARTEN CENINLD Gie Nane; KUUSK SE MM EST 1 KODAROND L CINhi EST SLINNMNEG/ Date Of Aiatn 07.02.1990 A5IKUKOOD / PERSONAL CODE IKCT 20664496108 DOKUHENDINUNBEK DocumtniNuhali IA7327124 Aemart IA7327124 KEHTIY R UNMDATE OL EAPUPY 25.04.2034 KASUtAiA ALlki KOLDER'5 SIGNATUKE JUCU
generated.photos_v3_0080272.png,forgery_3,EESTI VABARIIK ISIKUTUNNISTUS REPUBLIC OF ESTONIA IDENTITY CARD PERERONNANII SURNANF MIRJAM CENINLD iven NahE; LIIVAK JDQU NIF EST L KODAROND L CINhi EST SLINNMNEG/ Date Of Aiatn 05.03.1991 ASKUKOOD PERSONAL CODE IKCT 06875281972 DOKUHENDINUNBEK DocumtniNuhali JF2953863 JF2953863 KEHTIY R UNMDATE OL EAPUPY 13.06.2032 KASUtAiA ALlki KOLDIR'5 SIGNATURE Qminj
generated.photos_v3_0079389_0652990_0665473.png,forgery_3,EESTI VABARIIK ISIKUTUNNISTUS REPUBLIC OF ESTONIA IDENTITY CARD PERERONNANII GURNANE MARIKA CENINLD Wer AAMAES KARU SE NIF EST I KODAROND L CINhi EST SLINNMNEG/ Date Of Aiatn 20.11.1998 ASKUKOOD PERSONAL CODE IKCT 59516824530 DOKUHENDINUNBEK DocumtniNuhali KG5064282 LzmE~ KG5064282 KEHTIY R UNMDATE OL EAPUPY 15.11.2033 KASUtAiA ALlki KOLDER'5 SIGNATUKE JUCU
generated.photos_v3_0081597.png,forgery_4,EESTI VABARIIK ISIKUTUNNISTUS REPUBLIC OF ESTONIA IDENTITY CARD PERERONNANIAI / SURNANF GRETE [ENINLD Given NAMes KASPAR JDQU NIF ES 6 KODAROND L CINhi EST SLINNMNEG/ Date Of Aiatn 13.11.1997 A5IKUKOOD / PERSONAL CODE IKCT 62360832486 DOKUHENDINUNBEK DocumtniNuhali FZ6790712 Aeanmi FZ6790712 KEHTIY R UNMDATE OL EAPUPY 11.10.2033 KASUtAiA ALlki KOLDIR'5 SIGNATURE
generated.photos_v3_0077677.png,forgery_4,EESTI VABARIIK ISIKUTUNNISTUS REPUBLIC OF ESTONIA IDENTITY CARD PERERONNANN GURNANE LIIS NIrcu Givin NaMes MAGI JDQU NIF ES I KODAROND L CINhi EST SLINNMNEG/ Date Of Aiatn 23.04.1994 ASKUKOOD PERSONAL CODE IKCT 82737344675 DOKUHENDINUNBEK DocumtniNuhali GD7569655 Tneiis GD7569655 KEHTIY R UNMDATE OL EAPUPY 25.01.2031 KASUtAiA ALlki KOLDIR' SIGNATURE
generated.photos_v3_0081268.png,forgery_3,EESTI VABARIIK ISIKUTUNNISTUS REPUBLIC OF ESTONIA IDENTITY CARD PFRERONNANII GURNANE SIMO [ENINLD Given NAMes TAMM SE MM ES 1 KODAROND L Citnhii EST SLINNMNEG/ Date Of Aiatn 13.12.1992 ASKUKOOD PERSONAL CODE IKCT 41533024639 DOKUHENDINUNBEK DocumtniNuhali GK8918254 tiimo GK8918254 KEHTIY R UNMDATE OL EAPUPY 09.04.2030 KASUtAiA ALlki KOLDIR'5 SIGNATURE JUCU
generated.photos_v3_0078624.png,forgery_4,EESTI VABARIIK ISIKUTUNNISTUS REPUBLIC OF ESTONIA IDENTITY CARD PERERONNANIAI / SURNANF GRETE [ENINLD Givin NaMes LOHMUS JDQU NIF EST 1 KODAROND L CINhi EST SLINNMNEG/ Date Of Aiatn 23.07.1996 A5IKUKOOD / PERSONAL CODE IKCT 92960297408 DOKUHENDINUNBEK DocumtniNuhali GW1565699 Ioclten GW1565699 KEHTIY R UNMDATE OL EAPUPY 27.03.2034 KASUtAiA ALlki KOLDAR' SIGNATURE
generated.photos_v3_0081825_0003559_0497605.png,forgery_4,EESTI VABARIIK ISIKUTUNNISTUS REPUBLIC OF ESTONIA IDENTITY CARD PERERONNANII GURNANE RAINER [ENINLD Given NAMes KOPPEL JDQU MM ES 1 KODAROND L CINhi EST SLINNMNEG/ Date Of Aiatn 22.11.1998 A5IKUKOOD / PERSONAL CODE IKCT 75442162533 DOKUHENDINUNBEK DocumtniNuhali PP1557453 'mtist PP1557453 RUNMDATE OLEAPURY 28.12.2031 KASUtAiA ALlki KOLDER'5 SIGNATUKE
generated.photos_v3_0081131.png,forgery_3,EESTI VABARIIK ISIKUTUNNISTUS REPUBLIC OF ESTONIA IDENTITY CARD PERERONNANN GURNANE KARL CENINLD Given NAMes VALI JDQU MM EST 1 KODAROND L CINhi EST SLINNMNEG/ Date Of Aiatn 30.09.1995 KERSCNADCODE INGT 15917491694 DOKUHENDINUNBEK DocumtniNuhali JO8501634 ckzul J08501634 KehTiv KUNI DATE Oi Expiry 20.12.2031 KASUtAiA ALlki KOLDIR'5 SIGNATURE
generated.photos_v3_0078378.png,forgery_4,EESTI VABARIIK ISIKUTUNNISTUS REPUBLIC OF ESTONIA IDENTITY CARD PERERONNANN GURNANE KARL [ENINLD Givin NaMes PIHLAK JDQU MM EST 1 KODAROND L CINhi EST SLINNINEC/ Date Of Aiatn 26.10.1998 A5IKUKOOD / PERSONAL CODE IKCT 99967779480 DOKUHENDINUNBEK DocumtniNuhali UL7894162 Lxk UL7894162 KEHTIY R UNMDATE OL EAPUPY 07.07.2030 KASUtAiA ALlki KOLDIR'5 SIGNATURE
generated.photos_v3_0080006.png,forgery_3,EESTI VABARIIK ISIKUTUNNISTUS REPUBLIC OF ESTONIA IDENTITY CARD PERERONNANII GURNANE REELIKA [ENINLD Given NAMes AAS JDQU NIF EST I KODAROND L CINhi EST SLINNMNEG/ Date Of Aiatn 02.08.2002 A5IKUKOOD / PERSONAL CODE IKCT 87996778716 DOKUHENDINUNBEK DocumtniNuhali RR9133953 Agreel RR9133953 KEHTI RUNMDATE OLEAPURY 18.07.2031 KASUtAiA ALlki KOLDER'5 SIGNATUKE
generated.photos_v3_0082605.png,forgery_4,EESTI VABARIIK ISIKUTUNNISTUS REPUBLIC OF ESTONIA IDENTITY CARD PERERONNANIAI / SURNANF HELIN [ENINLD Givin NaMes LIIV JDQU NIF ES j KODAROND L CINhi EST SLINNMNEG/ Date Of Aiatn 10.10.1988 A5IKUKOOD / PERSONAL CODE IKCT 48172163720 DOKUHENDINUNBEK DocumtniNuhali NZ0430313 Lkhee; NZ0430313 KEHTIY R UNMDATE OL EAPUPY 08.08.2033 KASUtAiA ALlki KOLDAR' SIGNATURE
generated.photos_v3_0077407_0498177_0347832.png,forgery_3,EESTI VABARIIK ISIKUTUNNISTUS REPUBLIC OF ESTONIA IDENTITY CARD PERERONNANII GURNANE KRISTO CENINLD Given NAMes SAAR JDQU MM EST 1 KODAROND L CINhi EST SLINNMNEG/ Date Of Aiatn 12.07.1999 ASKUKOOD PERSONAL CODE IKCT 55155293699 DOKUHENDINUNBEK DocumtniNuhali KG1015554 KG1015554 KEHTIY R UNMDATE OL EAPUPY 14.02.2033 KASUtAiA ALlki KOLDER'5 SIGNATUKE Lsbvs
generated.photos_v3_0079893.png,forgery_3,EESTI VABARIIK ISIKUTUNNISTUS REPUBLIC OF ESTONIA IDENTITY CARD PERERONNANII GURNANE SIIM [ENINLD Given NAMes PARN JDQU MM ES I KODAROND L CINhi EST SLINNMNEG/ Date Of Aiatn 31.01.1995 ASKUKOOD PERSONAL CODE IKCT 59289573580 DOKUHENDINUNBEK DocumtniNuhali CW5711460 ApSiin CW57 11460 KEHTI RUNMDATE OLEAPURY 29.08.2030 KASUtAiA ALlki KOLDER'5 SIGNATUKE
generated.photos_v3_0080023.png,forgery_3,EESTI VABARIIK ISIKUTUNNISTUS REPUBLIC OF ESTONIA IDENTITY CARD PERERONNANII GURNANE HELENA [ENINLD Given NAMes TALVIK SE NIF ES 0 KODAROND L CINhi EST SLINNMNEG/ Date Of Aiatn 02.07.1993 A5IKUKOOD / PERSONAL CODE IKCT 94961350242 DOKUHENDINUNBEK DocumtniNuhali XT3302259 Iteeb XT3302259 KEHTIY R UNMDATE OL EAPUPY 29.12.2033 KASUtAiA ALlki KOLDER'5 SIGNATUKE JUCU
generated.photos_v3_0078228.png,forgery_3,EESTI VABARIIK ISIKUTUNNISTUS REPUBLIC OF ESTONIA IDENTITY CARD PERERONNANII GURNANE MALLE [ENINLD Given NAMes LIIVAK JDQU NIF EST 1 KODAROND L CINhi EST SLINNMNEG/ Date Of Aiatn 02.07.1992 ASKUKOOD PERSONAL CODE IKCT 62381982336 DOKUHENDINUNBEK DocumtniNuhali MZ1132524 MZ1132524 KEHTIY R UNMDATE OL EAPUPY 21.12.2034 KASUtAiA ALlki KOLDAR' SIGNATURE
generated.photos_v3_0077334.png,forgery_3,EESTI VABARIIK ISIKUTUNNISTUS REPUBLIC OF ESTONIA IDENTITY CARD PERERONNANII GURNANE ANU INAD Given NAMes TONISSON JDQU NIF EST 1 KODAROND L Citnhii EST SLINNMNEG/ Date Of Aiatn 21.03.1998 ASKUKOOD PERSONAL CODE IKCT 59048270510 DOKUHENDINUNBEK DocumtniNuhali LtA NZ4118022 NZ4118022 KEHTIY R UNMDATE OL EAPUPY 19.02.2030 KASUtAiA ALlki KOLDER'5 SIGNATUKE
generated.photos_v3_0079389_0652990_0437872.png,forgery_3,EESTI VABARIIK ISIKUTUNNISTUS REPUBLIC OF ESTONIA IDENTITY CARD PERERONNANII GURNANE SIRJE CENINLD Given NAMes METS JDQU NIF EST 1 KODAROND L CINhi EST SLINNMNEG/ Date Of Aiatn 30.04.1995 A5IKUKOOD / PERSONAL CODE IKCT 00847103804 DOKUHENDINUNBEK DocumtniNuhali BG4347602 BG4347602 KEHTIY R UNMDATE OL EAPUPY 27.05.2034 KASUtAiA ALlki KOLDIR'5 SIGNATURE Luk
generated.photos_v3_0079468.png,forgery_4,EESTI VABARIIK ISIKUTUNNISTUS REPUBLIC OF ESTONIA IDENTITY CARD PERERONNANN GURNANE MALLE CENINLD Given NAMes KANGUR SE NIF EST I KODAROND L CINhi EST SLINNMNEG/ Date Of Aiatn 29.01.1992 ASKUKOOD 77627977489 PERSONAL CODE IKCT DOKUHENDINUNBEK DocumtniNuhali Co8886057 knalle C08886057 KEHTIY R UNMDATE OL EAPUPY 08.06.2033 KASUtAiA ALlki KOLDER'5 SIGNATUKE JUCU
generated.photos_v3_0077407_0498177_0992535.png,forgery_3,EESTI VABARIIK ISIKUTUNNISTUS REPUBLIC OF ESTONIA IDENTITY CARD PERERONNANN GURNANE LAURI [ENINLD Given NAMES TALVIK JDQU MM EST J KODAROND L CINhi EST SLINNMNEG/ Date Of Aiatn 20.04.2002 ASKUKOOD PERSONAL CODE IKCT 01909489020 DOKUHENDINUNBEK DocumtniNuhali QL4927234 Zlonr QL4927234 KEHTIY R UNMDATE OL EAPUPY 02.10.2031 KASUtAiA ALlki KOLDIR'5 SIGNATURE
generated.photos_v3_0079389_0840669_0344435.png,forgery_3,EESTI VABARIIK ISIKUTUNNISTUS REPUBLIC OF ESTONIA IDENTITY CARD PERERONNANII GURNANE ELIISE [ENINLD Given NAMes KASK JDQU NIF EST  KODAROND L CINhi EST SLINNMNEG/ Date Of Aiatn 11.10.1994 KERSCNADCODE INGT 04131488322 DOKUHENDINUNBEK DocumtniNuhali VQ5894169 Pzelul VQ5894169 KEHTIY R UNMDATE OL EAPUPY 13.12.2031 KASUtAiA ALlki KOLDIR'5 SIGNATURE
generated.photos_v3_0076878.png,forgery_4,EESTI VABARIIK ISIKUTUNNISTUS REPUBLIC OF ESTONIA IDENTITY CARD PERERONNANII GURNANE KAIRIT CENINLD iven NahE; TOOM JDQU NIF ES ] KODAROND L CINhi EST SLINNMNEG/ Date Of Aiatn 22.08.1991 ASKUKOOD PERSONAL CODE IKCT 87803571160 DOKUHENDINUNBEK DocumtniNuhali ZL5208039 I#Laic ZL5208039 KEHTIY R UNMDATE OL EAPUPY 08.02.2031 KASUtAiA ALlki KOLDIR'5 SIGNATURE
generated.photos_v3_0079389_0652990_0209355.png,forgery_3,EESTI VABARIIK ISIKUTUNNISTUS REPUBLIC OF ESTONIA IDENTITY CARD PERERONNANII GURNANE AVE NIrcu Given NAMes KARU JDQU NIF EST 1 KODAROND L CINhi EST SLINNMNEG/ Date Of Aiatn 17.02.1995 KERSCNADCODE INGT 39709834165 DOKUHENDINUNBEK DocumtniNuhali TW7453608 ILave TW7453608 KEHT RUNMDATE OLEAPURY 18.05.2032 KASUtAiA ALlki KOLDIR'5 SIGNATURE
generated.photos_v3_0079790.png,forgery_3,EESTI VABARIIK ISIKUTUNNISTUS REPUBLIC OF ESTONIA IDENTITY CARD PFREKONNANII GURNANE OLIVER [ENINLD Given NAMes SAAR JDQU MM ES I KODAROND L CINhi EST SLINNMNEG/ Date Of Aiatn 09.02.1997 ASKUKOOD PERSONAL CODE IKCT 30475253997 DOKUHENDINUNBEK DocumtniNuhali QU6078103 Usoliv QU6078103 KEHTIY R UNMDATE OL EAPUPY 29.08.2033 KASUtAiA ALlki KOLDER'5 SIGNATUKE
generated.photos_v3_0081003.png,forgery_3,EESTI VABARIIK ISIKUTUNNISTUS REPUBLIC OF ESTONIA IDENTITY CARD PERERONNANII GURNANE MIHKEL NIrcu Given NAMes PODER JDQU MM ES 1 KODAROND L CINhi EST SLINNMNEG/ Date Of Aiatn 20.09.1998 A5IKUKOOD / PERSONAL CODE IKCT 53334223917 DOKUHENDINUNBEK DocumtniNuhali NU6971511 NU6971511 Ipmihk KEHTIY R UNMDATE OL EAPUPY 15.08.2030 KASUtAiA ALlki KOLDER'5 SIGNATUKE
generated.photos_v3_0079960.png,forgery_3,EESTI VABARIIK ISIKUTUNNISTUS REPUBLIC OF ESTONIA IDENTITY CARD PERERONNANN SURNANF RASMUS CENINLD Given NAMES EELMAA JDQU MM EST ] KODAROND L CINhi EST SLINNMNEG/ Date Of Aiatn 14.08.1995 A5IKUKOOD / PERSONAL CODE IKCT 75502962687 DOKUHENDINUNBEK DocumtniNuhali AL9241856 {zcsm AL9241856 KEHTIY R UNMDATE OL EAPUPY 06.06.2030 KASUtAiA ALlki KOLDIR SIGNATURE
generated.photos_v3_0076851.png,forgery_3,EESTI VABARIIK ISIKUTUNNISTUS REPUBLIC OF ESTONIA IDENTITY CARD PERERONNANN GURNANE GRETE [ENINLD Given NAMes KOPPEL JDQU NIF ES L KODAROND L CINhi EST SLINNMNEG/ Date Of Aiatn 22.10.2003 ASKUKOOD PERSONAL CODE IKCT 25974316606 DOKUHENDINUNBEK DocumtniNuhali EG2363993 Obged EG2363993 KEHTIY R UNMDATE OL EAPUPY 10.10.2030 KASUtAiA ALlki KOLDER'5 SIGNATUKE
generated.photos_v3_0079031.png,forgery_4,EESTI VABARIIK ISIKUTUNNISTUS REPUBLIC OF ESTONIA IDENTITY CARD PERERONNANII GURNANE ANDRES CENINLD Given NAMes NURK JDQU MM ES 1 KODAROND L CINhi EST SLINNMNEG/ Date Of Aiatn 07.05.2000 ASKUKOOD PERSONAL CODE IKCT 24245207275 DOKUHENDINUNBEK DocumtniNuhali CN7547526 @LaULa CN7547526 KEHTIY R UNMDATE OL EAPUPY 15.11.2033 KASUtAiA ALlki KOLDIR SIGNATURE
generated.photos_v3_0081370.png,forgery_4,EESTI VABARIIK ISIKUTUNNISTUS REPUBLIC OF ESTONIA IDENTITY CARD PERERONNANN GURNANE MARET [ENINLD Given NAMes KULD JDQU NIF ES I KODAROND L CINhi EST SLINNMNEG/ Date Of Aiatn 02.12.1997 A5IKUKOOD / PERSONAL CODE IKCT 83664384328 DOKUHENDINUNBEK DocumtniNuhali GU2938532 Aesnall GU2938532 KEHTIY R UNMDATE OL EAPUPY 13.09.2033 KASUtAiA ALlki KOLDER'5 SIGNATUKE
generated.photos_v3_0081416.png,forgery_4,EESTI VABARIIK ISIKUTUNNISTUS REPUBLIC OF ESTONIA IDENTITY CARD PERERONNANN GURNANE OLIVER [ENINLD Givin NaMes AAVIKSOO JDQU MM EST 1 KODAROND L CINhi EST SLINNMNEG/ Date Of Aiatn 22.11.2001 A5IKUKOOD / PERSONAL CODE IKCT 61391057734 DOKUHENDINUNBEK DocumtniNuhali YB8287317 Ussiim YB8287317 KEHTIY R UNMDATE OL EAPUPY 10.12.2034 KASUtAiA ALlki KOLDER'5 SIGNATUKE
generated.photos_v3_0078272.png,forgery_3,EESTI VABARIIK ISIKUTUNNISTUS REPUBLIC OF ESTONIA IDENTITY CARD PERERONNANN GURNANE KADRI CENINLD Nane; KIVIMAGI JDQU NIF ES L KODAROND L CINhi EST SLINNMNEG/ Date Of Aiatn 02.12.1999 KERSCNADCODE INGT 27545188100 DOKUHENDINUNBEK DocumtniNuhali PN9278167 Ckkady PN9278167 KEHTIY R UNMDATE OL EAPUPY 11.11.2030 KASUtAiA ALlki KOLDIR SIGNATURE
generated.photos_v3_0079389_0652990_0803656.png,forgery_3,EESTI VABARIIK ISIKUTUNNISTUS REPUBLIC OF ESTONIA IDENTITY CARD PERERONNANN GURNANE RIINA CENINLD Given NAMes KARU JDQU NIF EST 1 KODAROND L CINhi EST SLINNMNEG/ Date Of Aiatn 22.03.1992 A5IKUKOOD / PERSONAL CODE IKCT 90772753701 DOKUHENDINUNBEK DocumtniNuhali VV6778327 Ukiiinv VV6778327 KEHTIY R UNMDATE OL EAPUPY 16.11.2032 KASUtAiA ALlki KOLDAR' SIGNATURE
generated.photos_v3_0078689.png,forgery_4,EESTI VABARIIK ISIKUTUNNISTUS REPUBLIC OF ESTONIA IDENTITY CARD PERERONNANII GURNANE MERIKE [ENINLD Givin NaMes AAS JDQU NIF EST ] KODAROND L CINhi EST SLINNMNEG/ Date Of Aiatn 23.06.1997 A5IKUKOOD / PERSONAL CODE IKCT 50417109785 DOKUHENDINUNBEK DocumtniNuhali EBO916933 LlK  EBO916933 KEHTIY R UNMDATE OL EAPUPY 20.03.2032 KASUtAiA ALlki KOLDAR' SIGNATURE
generated.photos_v3_0078476.png,forgery_4,EESTI VABARIIK ISIKUTUNNISTUS REPUBLIC OF ESTONIA IDENTITY CARD PERERONNANIAI / SURNANF DOE [ENINLD Givin NaMes JANE JDQU MM EST 1 KODAROND L CINhi EST SLINNMNEG/ Date Of Aiatn 22.11.1995 A5IKUKOOD / PERSONAL CODE IKCT 93044968963 DOKUHENDINUNBEK DocumtniNuhali DC1720270 DC1720270 KEHTIY R UNMDATE OL EAPUPY 07.01.2033 KASUtAiA ALlki KOLDER'5 SIGNATUKE Jtptii
generated.photos_v3_0081825.png,forgery_4,EESTI VABARIIK ISIKUTUNNISTUS REPUBLIC OF ESTONIA IDENTITY CARD PERERONNANIAI / SURNANF GRETE [ENINLD Given NAMes VESKI JDQU MM EST 1 KODAROND L CINhi EST SLINNMNEG/ Date Of Aiatn 28.10.1991 ASKUKOOD PERSONAL CODE IKCT 78135411065 DOKUHENDINUNBEK DocumtniNuhali HW2396904 Alwi HW2396904 KEHTIY R UNMDATE OL EAPUPY 12.12.2033 KASUtAiA ALlki KOLDIR'5 SIGNATURE
generated.photos_v3_0077181.png,forgery_3,EESTI VABARIIK ISIKUTUNNISTUS REPUBLIC OF ESTONIA IDENTITY CARD PERERONNANN GURNANE MAIRO NIrcu Given NAMes RAUD JDQU MM EST 8 KODAROND L CINhi EST SLINNMNEG/ Date Of Aiatn 04.09.1999 ASKUKOOD 51251577837 PERSONAL CODE IKCT DOKUHENDINUNBEK DocumtniNuhali CU8723721 Irmair CU8723721 KEHTIY R UNMDATE OL EAPUPY 29.07.2032 KASUtAiA ALlki KOLDAR' SIGNATURE
generated.photos_v3_0162768.png,forgery_4,"ARIZONA ! DRIVER LICENSE The Grand State Ad DLN D54265717 EXP 03/26/2025 4aIS5 03/26/2020 poB 06/21/1989 MITCHELL ETHAN 456 OAK AVE TUCSON,AZ 85701 15 SEX (6HcT 18 EYES I7WNGt 00"" BRO 208 Ib CLASS ENDORSEMENTS NONE leeul 12 RestRictiOnS D: 00OOO00000004221 Canyon ="
generated.photos_v3_0164250.png,forgery_4,"ARIZONA $ DRIVER LICENSE The Grand State 4d DLN D7085551 EXP 03/09/2024 4aIS5 03/09/2019 poB 04/05/2004 BROWN TERRENCE 808 E PINNACLE PEAK RD PEORIA, AZ 85383 15 SEX 6 HGt EYES 47 WGt 6'-04' BRO 166 Ib CLASS ENDORSEMENTS NONE {brotw 12 RestRictiOnS DD: 0000000000003306 Canyon ="
generated.photos_v3_0163930.png,forgery_1,"ARIZONA ! DRIVER LICENSE The Grand State Ad DLN D25458325 EXP 06/02/2028 4aIS5 06/02/2023 poB 04/27/1996 ORTEGA SERGIO 123 E MAIN ST PHOENIX; AZ 85001 15 SEX HGT 18 EYES 17WGT 6'-05"" BRO 179 Ib CLASS ENDORSEMENTS NONE Sortry 12 RestRictiOnS D: 0OOOOOOO00004421 Canyon ="
generated.photos_v3_0163844.png,forgery_4,ARIZONA $ DRIVER LICENSE The Grand State Ad DLN D58024080 EXP 08/30/2028 4aIS5 08/30/2023 poB 03/07/1993 ORTEGA DANIELA 123 MAIN ST PHOENIX; AZ 85001 SEX HGT 18 EYES 17WGT 5'-02' BRO 127 Ib CLASS ENDORSEMENTS NONE Juz 12 RestRictiOnS DD: 0000000000000364 Canyon =
generated.photos_v3_0165010.png,forgery_4,"ARIZONA ! DRIVER LICENSE The Grand State Ad DLN D28273632 EXP 10/12/2026 4aIS5 10/31/2022 poB 09/28/2000 ROBERTS JORDAN 4646 MAPLE AVE MARICOPA; AZ 85138 15 SEX HGT 18 EYES 17WGT 5'-10"" BRO 221 Ib CLASS ENDORSEMENTS NONE (cedi 12 RestRictiOnS D: 00OOO00000004465 Canyon ="
generated.photos_v3_0159893.png,forgery_4,"ARIZONA ! DRIVER LICENSE The Grand State Ad DLN D58302967 EXP 05/20/2028 4aIS5 05/20/2023 poB 01/13/1997 LIU AARON 456 ELM ST TUCSON,AZ 85701 15 SEX HGT EYES 17WGT 7'-11"" BRO 194 Ib CLASS ENDORSEMENTS NONE 12 RestRictiOnS DD: 0000000000002651 Canyon ="
generated.photos_v3_0158380_0923515_0605909.png,forgery_3,"ARIZONA $ DRIVER LICENSE The Grand State 4d DLN D33968475 EXP 10/11/2027 4aIS5 10/11/2022 poB 11/15/1990 MORGAN TASHA 789ASH AVE GILBERT, AZ 85233 15 SEX HGT 18 EYES 17WGT 05"" BRO 179 Ib CLASS ENDORSEMENTS Turg NONE 12 RestRictiOnS D: 0000000000001786 Canyon ="
generated.photos_v3_0159289.png,forgery_4,"ARIZONA ! DRIVER LICENSE The Grand State Ad DLN D57790062 EXP 03/12/2027 4aIS5 03/12/2022 poB 09/13/1990 LOPEZ JOSE 654 CEDAR CT TEMPE; AZ 85281 15 SEX HGT 18 EYES 17WGT 5'-08"" BRO 232 Ib CLASS ENDORSEMENTS NONE Jjepe 12 RestRictiOnS D: 0000000000004567 Canyon ="
generated.photos_v3_0166325.png,forgery_4,"ARIZONA ! DRIVER LICENSE The Grand State Ad DLN D7085551 EXP 07/30/2025 4aIS5 03/09/2019 poB 04/05/2004 BROWN TERRENCE 808 E PINNACLE PEAK RD PEORIA, AZ 85383 15 SEX HGT 18 EYES 17WGT 5'-03"" BRO 216 Ib CLASS ENDORSEMENTS NONE 12 RestRictiOnS D: 00OO000000004548 Canyon = knh"
generated.photos_v3_0165002.png,forgery_4,"ARIZONA ! DRIVER LICENSE The Grand State Ad DLN D85104314 EXP 03/22/2027 4aIS5 09/03/2020 poB 02/15/2002 WILLIAMS AALIYAH 258 PALM CT PEORIA, Az 85345 SEX HGT 18 EYES 17WGT 5'-04' BRO 102 Ib CLASS ENDORSEMENTS @ienan NONE 12 RestRictiOnS D: 00OOOOOO00004144 Canyon ="
generated.photos_v3_0160608.png,forgery_4,"ARIZONA ! DRIVER LICENSE The Grand Canyon State Ad DLN D36852166 EXP 01/27/2027 4aIS5 08/05/2019 poB 11/18/1994 DOE JOHN 888 STRAWBERRY WAY PRESCOTT, AZ 8630' 15 SEX HGT 18 EYES 17WGT ""'-00"" BRO 152 Ib CLASS ENDORSEMENTS fadat NONE 12 RestRictiOnS D: 00OOO00000004138"
generated.photos_v3_0166085.png,forgery_4,"ARIZONA $ DRIVER LICENSE The Grand State ad DLN D81615120 EXP 12/19/2025 4aIS5 03/31/2021 poB 12/06/2001 THOMPSON ANDRE 987 PINE RD CHANDLER,AZ 85224442 SEX HGT 18 EYES 17WGT 5'-10"" BRO 185 Ib CLASS ENDORSEMENTS Fries NONE 12 RestRictiOnS DD: 0000000000005214 Canyon ="
generated.photos_v3_0164902.png,forgery_4,"ARIZONA $ DRIVER LICENSE The Grand State Ad DLN D29514502 EXP 08/21/2028 4aIS5 01/31/2023 poB 03/13/1993 REYNOLDS BRIAN 8642 PINE ST LAKE HAVASU CITY, AZ 86403 15 SEX HGT 18 EYES 17WGT 5'-03"" BRO 164 Ib CLASS ENDORSEMENTS NONE 12 RestRictiOnS D: OOOOOOOOOO00104O Canyon = Lsnen4"
generated.photos_v3_0163763.png,forgery_4,"ARIZONA ! DRIVER LICENSE The Grand Canyon State 4d DLN D25740859 EXP 01/27/2026 4aIS5 01/27/2021 poB 07/02/1988 ADAMS NICHOLAS 13579 ASH LN BUCKEYE; AZ 85326 15 SEX HGT 18 EYES WGT 5'-03"" BRO 140 Ib CLASS ENDORSEMENTS Inadomv NONE 12 RestRictiOnS D: 0000000000004533"
generated.photos_v3_0162723.png,forgery_4,"ARIZONA ! DRIVER LICENSE The Grand State Ad DLN D46619059 EXP 09/10/2028 4aIS5 09/10/2023 poB 09/12/1997 MARTINEZ ALEJANDRO 6789 PINE STREET CHANDLER, AZ 85224 15 SEX HGT 18 EYES 17WGT 5'-11"" BRO 203 Ib CLASS ENDORSEMENTS NONE Yymat 12 RestRictiOnS DD: 000000000000O656 Canyon ="
generated.photos_v3_0161565.png,forgery_4,"ARIZONA ! DRIVER LICENSE The Grand Canyon State Ad DLN D29840388 EXP 04/01/2028 4aIS5 04/01/2023 poB 12/12/2002 KIM SAMUEL 1010 ASH ST LAKE HAVA SU CITY, AZ 86403 15 SEX HGT 18 EYES 17WGT 5'-02' BRO 225 Ib CLASS ENDORSEMENTS NONE Hhiz 12 RestRictiOnS DD: 000OOOO000004113"
generated.photos_v3_0164179.png,forgery_4,"ARIZONA $ DRIVER LICENSE The Grand State 4d DLN D36031223 EXP 12/30/2028 4aIS5 12/30/2023 poB 06/21/1996 BROWN DAVID 1234 E MAIN ST PHOENIX, AZ 85001 15 SEX HGT 18 EYES 17WGT 5'-11"" GRA 136 Ib CLASS ENDORSEMENTS NONE 12 RestRictiOnS D: OOOOOOOO00001441 Canyon ="
generated.photos_v3_0161607.png,forgery_1,ARIZONA ! DRIVER LICENSE The Grand Canyon State Ad DLN D49784937 EXP 06/07/2024 4aIS5 06/07/2019 poB 05/06/1997 TORRES MIA 321 PINE ST TEMPE; AZ 85281 SEX HGT 18 EYES 17WGT 5'-02' BRO 115 Ib CLASS ENDORSEMENTS plorv NONE 12 RestRictiOnS DD: OOOOOOO000000119
generated.photos_v3_0159600.png,forgery_4,"ARIZONA ! DRIVER LICENSE The Grand Canyon State Ad DLN D58351805 EXP 12/01/2027 4aIS5 12/01/2022 poB 07/24/2002 ZHANG SHENG 333 OAKWOOD LN CASA GRANDE, AZ 85122 15 SEX 6 HGt 18 EYES 17WGT 6'01 BRO 114 Ib CLASS ENDORSEMENTS ashadly NONE 12 RestRictiOnS D: 0000000000001058"
generated.photos_v3_0158380_0923515_0780140.png,forgery_4,"ARIZONA ! DRIVER LICENSE The Grand State Ad DLN D84037300 ExP 09/11/2024 4aIS5 09/11/2019 poB 09/27/1998 LEWIS RONALDO 1776 MAPLE DR MARICOPA, AZ 85138 15 SEX 6HcT 18 EYES 17WGT 06"" BRO 143 Ib CLASS ENDORSEMENTS NONE 12 RestRictiOnS DD: 0000000000003600 Canyon ="
generated.photos_v3_0159188.png,forgery_4,"ARIZONA ! DRIVER LICENSE The Grand State 4d DLN D2242527 EXP 06/02/2027 4aIS5 06/02/2022 poB 09/05/1995 TURNER DESMOND 3737 MULBERRY ST CASA GRANDE, AZ 85122 15 SEX HGT 18 EYES 17WGT 5'-08"" BRO 187 Ib CLASS ENDORSEMENTS Adbon NONE 12 RestRictiOnS DD: 0000000000000265 Canyon ="
generated.photos_v3_0164777.png,forgery_4,ARIZONA $ DRIVER LICENSE The Grand State 4d DLN D6 1219428 EXP 09/06/2027 4aIS5 09/06/2022 poB 05/19/1989 JOHNSON MICHAEL 123 MAIN ST PHOENIX; AZ 85001 15 SEX HGT EYES 17WGT 5'01 BRO 217 Ib CLASS ENDORSEMENTS NONE Anjsln 12 RestRictiOnS D: 0000000000003772 Canyon =
generated.photos_v3_0165709_0943725_0826925.png,forgery_4,"ARIZONA ! DRIVER LICENSE The Grand Canyon State 4d DLN D67577553 EXP 11/06/2025 4aIS5 01/14/2019 poB 02/07/2001 SANCHEZ MIGUEL Pe88EFYA AEHBEo8ST 15 SEX HGT 18 EYES WGT 5'-10"" BRO 248 Ib CLASS ENDORSEMENTS NONE Gi(l 12 RestRictiOnS D: 0000000000002015"
generated.photos_v3_0163409.png,forgery_4,"ARIZONA $ DRIVER LICENSE The Grand Canyon State 4d DLN D32426674 EXP 07/29/2024 4aIS5 07/29/2019 poB 02/24/2000 SUZUKI AIKO 666 SPRUCE ST SURPRISE, AZ 85374 SEX HGT 18 EYES 17WGT 7'07"" BRO 196 Ib CLASS ENDORSEMENTS NONE 12 RestRictiOnS D: 0000000000004062 asufuk"
generated.photos_v3_0160896.png,forgery_4,"ARIZONA ! DRIVER LICENSE The Grand State Ad DLN D58895867 EXP 09/11/2028 4aIS5 08/21/2023 poB 1 1/09/1991 MENDOZA ZENON FE68PL UNBKEBSITY DR 15 SEX HGT EYES 17WGT 5'-06"" BRO 238 Ib CLASS ENDORSEMENTS NONE 12 RestRictiOnS DD: 0000000000001116 Canyon = L2"
generated.photos_v3_0161746.png,forgery_1,"ARIZONA ! DRIVER LICENSE The Grand Canyon State Ad DLN D60747236 EXP 09/22/2024 4aIS5 09/22/2019 poB 05/15/2000 CHEN MIA 3132 JUNIPER RD GOODYEAR, AZ 85338 SEX HGT 18 EYES 17WGT 5'00"" BRO 156 Ib CLASS ENDORSEMENTS NONE smn_hen 12 RestRictiOnS D: 0000000000002528"
generated.photos_v3_0160538.png,forgery_4,ARIZONA ! DRIVER LICENSE The Grand Canyon State Ad DLN D76463189 EXP 12/22/2025 4aIS5 11/05/2022 poB 11/22/1995 LOPEZ CARLOS PFRZENSENI B368YE SEX 6HcT EYES 17WGT 5'-02' BRO 171 Ib CLASS ENDORSEMENTS NONE sturne 12 RestRictiOnS D: 0000000000004600
generated.photos_v3_0165668.png,forgery_4,"ARIZONA ! DRIVER LICENSE The Grand State Ad DLN D36861818 ExP 12/20/2025 4aIS5 06/01/2020 poB 04/20/1995 PARKER JAMAL F88RFASAFHABAFa82 AZ 85268 15 SEX HGT EYES 17WGT 7'07"" BRO 116 Ib CLASS ENDORSEMENTS NONE Qb/e 12 RestRictiOnS D: 0000000000001778 Canyon ="
generated.photos_v3_0165709_0943725_0093934.png,forgery_4,"ARIZONA ! DRIVER LICENSE The Grand Canyon State Ad DLN D39675471 EXP 04/01/2026 4aIS5 03/30/2019 poB 04/16/2003 CHEN WEI AVE MARFEBPRWP83138 15 SEX HGT 18 EYES 17WGT 5'-04"" BRO 194 Ib CLASS ENDORSEMENTS NONE 12 RestRictiOnS DD: 00O0000000005141"
generated.photos_v3_0164833.png,forgery_4,"ARIZONA $ DRIVER LICENSE The Grand State 4d DLN D84873081 EXP 05/18/2025 4aIS5 05/18/2020 poB 12/30/1994 ACOSTA EMILY 357 MAGNOLIA AVE FLAGSTAFF; AZ 86001 15 SEX Hct 18 EYES 17WGT 06"" BRO 102 Ib CLASS ENDORSEMENTS NONE 12 RestRictiOnS DD: 0000000000000036 Canyon ="
generated.photos_v3_0160894.png,forgery_4,"ARIZONA ! DRIVER LICENSE The Grand State Ad DLN D83317883 EXP 05/25/2026 4aIS5 08/19/2019 poB 09/21/2001 DOE JOHN 36RPSISEAY 85374 15 SEX 6HcT 18 EYES WGT 6'-03"" BRO 107 Ib CLASS ENDORSEMENTS bhaqa NONE 12 RestRictiOnS D: 0000000000002709 Canyon ="
generated.photos_v3_0161433.png,forgery_4,"ARIZONA ! DRIVER LICENSE The Grand State Ad DLN D7544131 EXP 10/27/2024 4aIS5 03/06/2023 poB 03/27/1998 VARGAS MANUEL P5RGUTAPERZ 886001  15 SEX HGT 18 EYES WGT 7'09"" BRO 147 Ib CLASS ENDORSEMENTS NONE 12 RestRictiOnS DD: 0000000000005926 Canyon = Lafst"
generated.photos_v3_0158380_0923515_0685781.png,forgery_4,"ARIZONA $ DRIVER LICENSE The Grand Canyon State Ad DLN D39835897 EXP 12/21/2025 4aIS5 12/21/2020 poB 06/28/1993 THOMPSON SIERRA 987 CACTUS LN BULLHEAD CITY, AZ 86429 SEX HGT 18 EYES WGT 5'01 BRO 176 Ib CLASS ENDORSEMENTS NONE Ostom 12 RestRictiOnS D: 0000000000002761"
generated.photos_v3_0161219.png,forgery_4,"ARIZONA ! DRIVER LICENSE The Grand State Ad DLN D90862145 EXP 12/14/2025 4aIS5 09/04/2021 poB 09/19/1995 CHEN RYAN 3RPRSEMORESAY SEX HGT 18 EYES 17WGT 6'11"" BRO 126 Ib CLASS ENDORSEMENTS Kdcast; NONE 12 RestRictiOnS D: 00OOO00000004847 Canyon ="
generated.photos_v3_0159975.png,forgery_4,"ARIZONA ! DRIVER LICENSE The Grand State 4d DLN D48339698 EXP 11/03/2027 4aIS5 01/02/2021 poB 03/12/1987 BOND JAMES 852 SPRUCE CT GLENDALE; AZ 85301 SEX HGT 18 EYES 17WGT 5'-08"" BRO 105 Ib CLASS ENDORSEMENTS NONE 12 RestRictiOnS DD: 0000000000005061 Canyon ="
generated.photos_v3_0164161.png,forgery_4,"ARIZONA $ DRIVER LICENSE The Grand State Ad DLN D48202938 EXP 06/20/2026 4aIS5 06/20/2021 poB 05/07/1993 GONZALEZ VALENTINA 123 MAIN ST PHOENIX; AZ 85001 SEX HGT 18 EYES 17WGT 5'-07"" BRO 166 Ib CLASS ENDORSEMENTS Yegoz NONE 12 RestRictiOnS DD: 0000000000005196 Canyon ="
generated.photos_v3_0165492.png,forgery_4,"ARIZONA $ DRIVER LICENSE The Grand State 4d DLN D52742188 EXP 04/10/2027 4aIS5 11/27/2020 poB 04/22/1994 HARA TATSUYA 45256,PEEP834Y_LVD 15 SEX HGT EYES 17WGT 5'01 BRO 236 Ib CLASS ENDORSEMENTS NONE 12 RestRictiOnS DD: 0000000000000863 Canyon ="
generated.photos_v3_0159380.png,forgery_4,"ARIZONA ! DRIVER LICENSE The Grand Canyon State 4d DLN D32389449 EXP 04/18/2026 4aIS5 04/18/2021 poB 10/18/2005 TAN DAVID 891 WALNUT ST GLENDALE, AZ 85301 15 SEX 6 HGt 18 EYES 17WGT 6'-07"" BRO 169 Ib CLASS ENDORSEMENTS Bzn NONE 12 RestRictiOnS D: 0000000000001056"
generated.photos_v3_0158539.png,forgery_4,"ARIZONA ! DRIVER LICENSE The Grand State Ad DLN D81981811 EXP 11/29/2028 4aIS5 11/29/2023 poB 10/29/1996 DAVIS WILLIAM 987 CEDAR ST GILBERT, AZ 85233 15 SEX HGT 18 EYES 17WGT 6'11"" BRO 141 Ib CLASS ENDORSEMENTS Lwdani NONE 12 RestRictiOnS D: 0000000000001502 Canyon ="
generated.photos_v3_0164264.png,forgery_4,"ARIZONA $ DRIVER LICENSE The Grand State 4d DLN D53596390 EXP 09/26/2026 4aIS5 09/26/2021 poB 03/11/1996 ZHOU NATHAN 654 OAKWOOD DR YUMA; AZ 85364 15 SEX HGT 18 EYES 17WGT 6'-05"" BRO 181 Ib CLASS ENDORSEMENTS NONE hghn 12 RestRictiOnS D: 0000000000003461 Canyon ="
generated.photos_v3_0161268.png,forgery_4,"ARIZONA ! DRIVER LICENSE The Grand State Ad DLN D38581519 EXP 08/11/2025 4aIS5 08/13/2021 poB 12/22/1998 SUZUKI KENJI 123 ELMWOOD DR SIERRA VISTA, AZ 85635 SEX HGT 18 EYES 17WGT 5'-06"" BRO 144 Ib CLASS ENDORSEMENTS NONE Echen 12 RestRictiOnS DD: 0000000000005436 Canyon ="
generated.photos_v3_0160605.png,forgery_4,"ARIZONA ! DRIVER LICENSE The Grand Canyon State Ad DLN D25638246 EXP 05/04/2028 4aIS5 10/20/2021 poB 09/14/1983 CULLEN EDWARD 963 BIRCH ST PEORIA; AZ 85345 SEX HGT 18 EYES 17WGT 05"" BRO 185 Ib CLASS ENDORSEMENTS NONE 9 Qwei 12 RestRictiOnS D: 0000000000000916"
generated.photos_v3_0160639.png,forgery_4,"ARIZONA ! DRIVER LICENSE The Grand Canyon State Ad DLN D92111019 EXP 04/19/2028 4aIS5 08/04/2021 poB 02/08/2003 TAN NICHOLAS 3738 OAKHILL DR CASA GRANDE; AZ 85122 15 SEX 6HcT 18 EYES WGT 5'-06"" BRO 245 Ib CLASS ENDORSEMENTS Onata NONE 12 RestRictiOnS DD: 000oo0000000095O"
generated.photos_v3_0158601.png,forgery_3,"ARIZONA ! DRIVER LICENSE The Grand State 4d DLN D25267290 EXP 07/01/2026 4aIS5 07/01/2021 poB 04/29/1998 LIU JASMINE 456 WALNUT ST LAKE HAVA SU CITY AZ 86403 SEX HGT 18 EYES 17WGT 5'-10"" BRO 162 Ib CLASS ENDORSEMENTS NONE Gl 12 RestRictiOnS D: 0000000000001658 Canyon ="
generated.photos_v3_0164307.png,forgery_4,"ARIZONA $ DRIVER LICENSE The Grand State 4d DLN D94274211 EXP 11/30/2026 4aIS5 11/30/2021 poB 12/21/1992 LEWIS RYAN 789 PEACH AVE GOODYEAR, AZ 85338 15 SEX HGT 18 EYES 17WGT 5'-05"" BRO 107 Ib CLASS ENDORSEMENTS NONE Jikewi 12 RestRictiOnS DD: 00000000000005O7 Canyon ="
generated.photos_v3_0162944.png,forgery_4,"ARIZONA ! DRIVER LICENSE The Grand State Ad DLN D58126054 ExP 07/07/2024 4aIS5 07/07/2019 poB 03/03/1988 MARTIN DAVID 321 ELM ST CHANDLER AZ 85224 15 SEX 6 HGt 18 EYES 17WGT 6'-07"" BRO 138 Ib CLASS ENDORSEMENTS IJmac+ NONE 12 RestRictiOnS D: 0OOOOO0O00000482 Canyon ="
generated.photos_v3_0164262.png,forgery_4,"ARIZONA $ DRIVER LICENSE The Grand State 4d DLN D78132527 EXP 08/22/2026 4aIS5 08/22/2021 poB 03/31/1995 CASTRO ROBERTO 321 WALNUT LN MARICOPA, AZ 85138 15 SEX HGT 18 EYES 17WGT 7'11"" BRO 182 Ib CLASS ENDORSEMENTS NONE Lasf 12 RestRictiOnS D: 0000000000002790 Canyon ="
generated.photos_v3_0163531.png,forgery_4,"ARIZONA ! DRIVER LICENSE The Grand State Ad DLN D79392826 EXP 09/04/2026 4aIS5 09/04/2021 poB 02/20/1996 RODRIGUEZ CARLOS 765 ELMWOOD RD AVONDALE; AZ 85323 15 SEX HGT 18 EYES 17WGT 5'-10"" BRO 233 Ib CLASS ENDORSEMENTS NONE (Jevecl 12 RestRictiOnS D: 0000000000001093 Canyon ="
generated.photos_v3_0163445.png,forgery_4,"ARIZONA ! DRIVER LICENSE The Grand State 4d DLN D35407494 EXP 09/18/2028 4aIS5 09/18/2023 poB 07/19/1996 WRIGHT TERRANCE 789 PINE ST KINGMAN, AZ 86401 15 SEX 6 HGt 18 EYES 17WGT 6'-03"" BRO 228 Ib CLASS ENDORSEMENTS NONE 12 RestRictiOnS D: 0000000000001362 Canyon = Kelrii"
generated.photos_v3_0165709_0943725_0836562.png,forgery_4,"ARIZONA ! DRIVER LICENSE The Grand State 4d DLN D30088933 EXP 09/06/2024 4aIS5 12/13/2019 poB 11/12/1988 ROSALES DIEGO TEMPE SOLBSZERNAVE 15 SEX HGT 18 EYES 17WGT 6'11"" BRO 227 Ib CLASS ENDORSEMENTS agosa NONE 12 RestRictiOnS DD: 0000000000005742 Canyon ="
generated.photos_v3_0086523_0365732_0940276.png,forgery_4,"VFOPEBVY MM#AM# ILA A OCMNOB 3 ""THeCTHI BJAQVMVP MYX Aata 17.10.1996 @ Mlox pxue#Ma Mecro TYJA @ozkAehhx 8"
generated.photos_v3_0085040_0975120_0992722.png,forgery_4,"MVTPODAHOBVY MM#AM# ILAi A 3AXAPOB 8 ""THeCTHI AHAPVM 8 MYX Aata 06.05.1998 Mlox pxue#Ma Mecro YEBOKCAPBI @ozkAehhx 3"
generated.photos_v3_0575627.png,forgery_4,"NABJOBVY MM#AM# ILA A MOPO3OB n ""THeCTHI AHAPEV MYX Aata 02.10.1998 4 Mlox pxue#Ma Mecro OPEHBYPT @ozkAehhx 1"
generated.photos_v3_0090463.png,forgery_4,"MM#AM# KOHCTAHTMHOBVY ILA A HOBVKOB 8 EBTEHVV ""THeCTHI XEH Aata 26.02.1997 8 Mlox pxue#Ma Mecro YEBOKCAPBI @ozkAehhx {"
generated.photos_v3_0083976.png,forgery_4,"MM#AM# HOPBEBVY ILAi A AJEKCAHAPOB 6 ""THeCTHI AHAPVV MYX Aata 13.05.2000 8 Mlox pxue#Ma Mecro TOMCK @ozkAehhx 0"
generated.photos_v3_0085040_0975120_0785655.png,forgery_4,"MM#AM# MJbVY ILAi A AxewH 8 ""THeCTHI Doy 8 XEH Aata 24.03.2000 Mlox pxue#Ma Mecro THOMEHB @ozkAehhx {"
generated.photos_v3_0084413.png,forgery_4,"MM#AM# HMKMTOBVY ILAi A XPMCTODOPOB 8 ""THeCTHI AHAPM 3 XEH Aata 07.02.1990 Mlox pxue#Ma Mecro TOJBATTM @ozkAehhx 3"
generated.photos_v3_0084377.png,forgery_4,"MM#AM# CEPTEEBMY ILA A MJBVHA 3 CBETJAHA ""THeCTHI 8 MYX Aata 23.04.1993 Mlox pxue#Ma Mecro MOCKBA @ozkAehhx 8"
generated.photos_v3_0084216.png,forgery_4,"MAKCMMOBVY MM#AM# ILAi A CEOPTMEB 8 ""THeCTHI HVKOJAV MYX Aata 08.10.1990  Mlox pxue#Ma Mecro VXEBCK @ozkAehhx 8"
generated.photos_v3_0084612.png,forgery_4,"MM#AM# AJEKCAHAPOBVY ILA A AxeMH 5 ""THeCTHI Aoy 2 XEH Aata 16.04.1994 Mlox pxue#Ma Mecro HVXHVV HOBTOPOn @ozkAehhx 1"
generated.photos_v3_0086116.png,forgery_4,"OJEFOBVY MM#AM# ILA A CABEJBEB 8 MBAH ""THeCTHI MYX Aata 19.08.1995 8 Mlox pxue#Ma Mecro APOCIABnB @ozkAehhx 8"
generated.photos_v3_0086328.png,forgery_4,"MM#AM# AHQPEEBVY ILA A KYJAKOBA 8 BAJEHTVHA ""THeCTHI XEH Aata 08.06.1995 5 Mlox pxue#Ma Mecro CAPATOB @ozkAehhx 8"
generated.photos_v3_0083244.png,forgery_4,"MM#AM# QAHMMJIOBVY BACMJBEB ILA A 8 CEPTEV ""THeCTHI MYX Aata 18.12.2000 8 Mlox pxue#Ma Mecro OMCK @ozkAehhx 3"
generated.photos_v3_0083286.png,forgery_4,"MM#AM# QAHMMJIOBVY IMa JEOHOB 8 OnET ""THeCTHI MYX Aata 17.03.1984 8 Mlox pxue#Ma Mecro OMCK potaeAR 2"
generated.photos_v3_0082952.png,forgery_4,"MM#AM# EBTEHBEBVY ILA A TMTOBA 3 CBETJAHA ""THeCTHI XEH Aata 15.05.1995 4 Mlox pxue#Ma Mecro KPACHOQAP @ozkAehhx 3"
generated.photos_v3_0088100.png,forgery_4,"MM#AM# AHTOHOBVY ILAi A FABPMJOBA 8 MAPMA ""THeCTHI 8i XEH Aata 23.09.1999 Mlox pxue#Ma Mecro BOJTorPA @ozkAehhx 9"
generated.photos_v3_0085787.png,forgery_4,"OJEFOBVY MM#AM# ILA A COKOJOBA 8 MPMHA ""THeCTHI XEH Aata 05.06.1996 8 Mlox pxue#Ma Mecro HABEPEXHBIE YEMHBI @ozkAehhx {"
generated.photos_v3_0084466.png,forgery_4,"MM#AM# CEPTEEBMY ILA A AMVTPVEB 8 ""THeCTHI QAHVn 8 MYX Aata 06.09.1999 Mlox pxue#Ma Mecro XABAPOBCK potaeAR 8"
generated.photos_v3_0088495.png,forgery_4,"AJEKCEEBVY MM#AM# ILAi A AMTPMEBA 8 OKCAHA ""THeCTHI 8 XEH Aata 24.11.1993 Mlox pxue#Ma Mecro KPACHOQAP @ozkAehhx 1"
generated.photos_v3_0084278.png,forgery_4,"MM#AM# AMVTPVEBVY ILA A AMVTPVEBA 8 VHHA ""THeCTHI 4 MYX Aata 18.08.1990 Mlox pxue#Ma Mecro KABAHB potaeAR {"
generated.photos_v3_0090569.png,forgery_4,"MM#AM# AMVTPVEBVY ILAi A nOBAHOBA A ENEHA ""THeCTHI 8 XEH Aata 19.09.2002 Mlox pxue#Ma Mecro CAMAPA @ozkAehhx 8"
generated.photos_v3_0082757.png,forgery_4,"MM#AM# CEPTEEBMY ILA A NPOXOPOBA N EJV3ABETA ""THeCTHI XEH Aata 06.06.2000 6 Mlox pxue#Ma Mecro MOCKBA @ozkAehhx 1"
generated.photos_v3_0085762.png,forgery_4,"MM#AM# APTEMOBVY IMa nABAPEBA 2 AHHA ""THeCTHI XEH Aata 19.11.2003 4 Mlox pxue#Ma Mecro XABAPOBCK potaeAR 2"
generated.photos_v3_0090431.png,forgery_4,"MM#AM# BJAQMMMPOBVY MVXAVJOBA ILA A 6 TATBAHA ""THeCTHI 7 XEH Aata 19.07.1993 Mlox pxue#Ma Mecro HOBOKY3HELIK @ozkAehhx 3"
generated.photos_v3_0083465.png,forgery_4,"NABJOBVY MM#AM# nABAPEBA ILA A 6 BAJEHTVHA ""THeCTHI XEH Aata 11.09.1996 4 Mlox pxue#Ma Mecro TOJBATTM @ozkAehhx 2"
generated.photos_v3_0088336.png,forgery_4,"VFOPEBVY MM#AM# ILA A HECTEPOBA 8 CBETIAHA ""THeCTHI 8 MYX Aata 28.01.1994 Mlox pxue#Ma Mecro MOCKBA potaeAR 8"
generated.photos_v3_0084294.png,forgery_4,"MM#AM# CEOPTVEBVY ILA A Panyen 8 ""THeCTHI pMH XEH Aata 30.01.1992 8 Mlox pxue#Ma Mecro BOJTorPA @ozkAehhx 9"
generated.photos_v3_0083100.png,forgery_4,"MM#AM# HMKMTOBVY ILAi A JYKBAHOB 5 MVTPODAH ""THeCTHI MYX Aata 28.10.1992 k Mlox pxue#Ma Mecro BAPHAYJ @ozkAehhx 3"
generated.photos_v3_0084527.png,forgery_4,"MAKCMMOBVY MM#AM# ILA A JOBAHOB 3 EBTEHMV ""THeCTHI g XEH Aata 26.03.1996 Mlox pxue#Ma Mecro YDA @ozkAehhx 1"
generated.photos_v3_0086090.png,forgery_4,"MM#AM# AHQPEEBVY ILAi A KONBIJOBA 6 BVKTOPVA ""THeCTHI XEH Aata 18.01.1988 J Mlox pxue#Ma Mecro YIbAHOBCK @ozkAehhx 8"
generated.photos_v3_0450041.png,forgery_4,"MM#AM# KOHCTAHTMHOBVY ILA A 3AXAPOBA 8 MAPMA ""THeCTHI XEH Aata 17.03.2001 Q Mlox pxue#Ma Mecro OPEHEYPT potaeAR 2"
generated.photos_v3_0089660.png,forgery_4,"MM#AM# BJAQMMMPOBVY ILA A FepmnoHa 8 ""THeCTHI CpevHnxep 6 MYX Aata 26.09.1997 Mlox pxue#Ma Mecro KAJVHMHTPA @ozkAehhx 3"
generated.photos_v3_0085310.png,forgery_4,"HMKOJAEBVY MM#AM# IMa NOnoBA 3 TATBAHA ""THeCTHI XEH Aata 20.08.1998 8 Mlox pxue#Ma Mecro NEHBA @ozkAehhx 1"
generated.photos_v3_0494563_0073875_0422971.png,forgery_4,"MBAHOBVY MM#AM# ILAi A CMMPHOB A NABEn ""THeCTHI MYX Aata 27.11.1997 8 Mlox pxue#Ma Mecro NEPMB @ozkAehhx 1"
generated.photos_v3_0476734.png,forgery_4,"AJEKCEEBVY MM#AM# ILAi A AKOBJEBA 8 ""THeCTHI AJEKCAHAPA XEH Aata 04.03.1995 6 Mlox pxue#Ma Mecro KPACHOQAP @ozkAehhx 8"
generated.photos_v3_0088336_0553942_0901531.png,forgery_4,"AJEKCEEBVY MM#AM# ILAi A KOBANEB 8 HOPMV ""THeCTHI 8 MYX Aata 06.12.1994 Mlox pxue#Ma Mecro HABEPEXHBIE YEMHBI @ozkAehhx {"
generated.photos_v3_0088751.png,forgery_4,"MM#AM# AHQPVEBVY ILA A AJEKCEEBA 6 BAJEHTMHA ""THeCTHI 8 XEH Aata 12.03.1989 Mlox pxue#Ma Mecro APOCIABnB potaeAR 0"
generated.photos_v3_0084037.png,forgery_4,"MVTPODAHOBVY MM#AM# ILAi A MJBMH 8 HVKVTA ""THeCTHI MYX Aata 23.12.1997 8 Mlox pxue#Ma Mecro YIbAHOBCK @ozkAehhx 3"
generated.photos_v3_0086152.png,forgery_4,"MM#AM# EBTEHBEBVY ILA A KOPOJEBA 2 HVHA ""THeCTHI XEH Aata 23.08.1965 5 Mlox pxue#Ma Mecro YDA @ozkAehhx 3"
generated.photos_v3_0085881.png,forgery_4,"MVTPODAHOBVY MM#AM# KOPOJEBA ILAi A 6 ""THeCTHI AJEKCAHAPA XEH Aata 06.10.1993 8 Mlox pxue#Ma Mecro YIbAHOBCK potaeAR 1"
generated.photos_v3_0086345.png,forgery_4,"MM#AM# AHTOHOBVY ILA A MOPO3OB 2 ""THeCTHI HVKOJAV MYX Aata 26.02.2001 k Mlox pxue#Ma Mecro KAJVHVHTPA4 @ozkAehhx 3"
generated.photos_v3_0562234.png,forgery_4,"MM#AM# HMKMTOBVY ILA A OCMNOB 8 AHTOH ""THeCTHI MYX Aata 23.09.1996 8 Mlox pxue#Ma Mecro HABEPEXHBIE YEMHBI @ozkAehhx 1"
generated.photos_v3_0083765.png,forgery_4,"HMKOJAEBVY MM#AM# FABPMJOBA ILA A 8 MAPTAPMVTA ""THeCTHI XEH Aata 27.01.1984 2 Mlox pxue#Ma Mecro TOMCK @ozkAehhx 8"
generated.photos_v3_0541837.png,forgery_4,"MM#AM# HMKMTOBVY KOBANEB ILAi A 6 OnET ""THeCTHI MYX Aata 19.06.1994 @ Mlox pxue#Ma Mecro OMCK @ozkAehhx 2"
generated.photos_v3_0090043.png,forgery_4,"MM#AM# AJEKCAHAPOBVY ILAi A MOPO3OB 8 HVKVTA ""THeCTHI 8 MYX Aata 30.05.1987 Mlox pxue#Ma Mecro TOMCK @ozkAehhx 1"
generated.photos_v3_0488592_0437774_0853497.png,forgery_4,"MAKCMMOBVY MM#AM# ILAi A KOPOJEB 8 OnET ""THeCTHI MYX Aata 12.01.2001 3i Mlox pxue#Ma Mecro CAPATOB potaeAR 8"
generated.photos_v3_0499913.png,forgery_4,"MM#AM# AHQPEEBVY ILAi A AJEKCEEB 4 ""THeCTHI BJAQVMVP MYX Aata 18.09.1980 w Mlox pxue#Ma Metn YIbAHOBCK @ozkAehhx 1"
generated.photos_v3_0525008.png,forgery_4,"AJEKCEEBVY MM#AM# BOPVCOBA ILA A 8 AJBBVHA ""THeCTHI XEH Aata 08.11.1997 6 Mlox pxue#Ma Mecro HVXHVV HOBTOPOn @ozkAehhx {"
generated.photos_v3_0086540.png,forgery_4,"MM#AM# AJEKCAHAPOBVY ILA A HVKOJAEB % HVKVTA ""THeCTHI MYX Aata 21.11.1998 9 Mlox pxue#Ma Mecro BJAQMBOCTOK potaeAR 8"
generated.photos_v3_0440653.png,forgery_4,"DAMMAMA APTEMOBVY ILA A BEJOBA 8 MPMHA ""THeCTHI XEH Aata 05.08.1990 8 Mlox pxue#Ma Mecro KABAHB @ozkAehhx 1"
